Product Name,Sale Price,Category
Allegiance Economy Dual-scale Digital Thermometer,11.11,Health | Medicine Cabinet | Thermometers | Digital Thermometers
Kenneth Cole Reaction Eau De Parfum Spray For Women 3.40 Oz,23.99,Premium Beauty | Premium Fragrance | Premium Perfume
Kid Tough Fitness Inflatable Free-Standing Punching Bag + Machine Washable Fabric Cover South Carolina Gamecocks Kids Workout Buddy by Bonk Fit,30.76,Sports & Outdoors
THE FIRST YEARS,6.99,Baby | Diapering | Baby Wipes
4 Pack - MD USA Seamless Toe-Wave-In Mesh Diabetic Crew Socks Black Medium 1 Pair,28.27,Health | Diabetes Care | Diabetic Socks
Gerber 2nd Foods Apple Baby Food 4 oz. Tubs 2 Count,1.36,Baby | Feeding | Baby Food | Stage 2 Gerber Baby Food
Kushies Ultra-Lite All-In-One Form-Fitted Washable Cloth Diapers (Blue Whales Infant),14.95,Baby | Diapering | Diapers | Cloth Diapers
sunmark Stop Smoking Aid 14 mg Strength Transdermal Patch 70677003101 - Box of 14,41.67,Health | Quit Smoking | Nicotine Patches Step 2
Berkley PowerBait Glitter Chroma-Glow Dough Fishing Bait,5.26,Sports & Outdoors | Outdoor Sports | Fishing | Fishing Lures | Fish Attractants
Mikasa Rubber Basketball Intermediate 28.5,14.17,Sports & Outdoors | Sports | Basketball | Basketballs
Dr. Browns Options 9 Oz. Wide-Neck Baby Bottle,10.84,Baby | Feeding | Bottle Feeding
Mojo Outdoors Mojo Pick Stick,31.99,Sports & Outdoors | Outdoor Sports | Shooting | Shooting Accessories | Gun Accessories
Jaypro Sports PR-524 24 in. Step Down Pitching Rubber - Official,80.48,Sports & Outdoors | Sports | Baseball Gear & Equipment | Baseball Field Equipment & Maintenance
Sundeal R7 50cm Road Bike 6061 Aluminum Frameset + Fork / Extras 700c Silver NEW,119.97,Sports & Outdoors | Bikes | Bike Components | Bike Frames
Asics Womens Bikini Bottom Volleyball Athletic Swimwear -,39.95,Sports & Outdoors | Sports | Volleyball | Volleyball Clothing
Pack of 2 - Mints Peppermint 1.5 oz,7.97,Food | Chocolate Candy & Gum | Mints | Shop All Mints
Zaqw 50cm Lightweight Mini 2 Sections Winter Ice Solid Fishing Shrimp Rod Pole Shrimp Fishing PoleFishing Rod,11.19,Sports & Outdoors | Outdoor Sports | Fishing
Stealth Cam G45NG Pro 14.0-Megapixel No Glo Trail Camera with Card and Lock Kit,139,Sports & Outdoors | Outdoor Sports | Hunting | Game Cameras | All Game Cameras
"Rawlings 11.75"" Heart of the Hide Series Baseball Glove Left Hand Throw",384.67,Sports & Outdoors | Sports | Baseball Gear & Equipment | Baseball Gloves
Chicco Rim Spout Trainer Cup 9oz Pink/Purple 9m+ (2pk),25.71,Baby | Feeding | Toddler Feeding
"CONDOR Coated GlovesPalm and FingersS9""PR 19L478",2.68,Sports & Outdoors | Bikes | Bike Apparel & Footwear | Bike Gloves
"Alpha Medical 8"" Elasto-Fit Abdominal Support Binder. L0625 (Small)",13.95,Health | Home Health Care | Braces & Supports | Back and Abdominal Support | Abdominal Support
"Rawlings 11.25"" Gamer XLE Series Baseball Glove Left Hand Throw",124.95,Sports & Outdoors | Sports | Baseball Gear & Equipment | Baseball Gloves
"SeaSense Pre-Spliced Double Braid MFP Dock Line 3/8"" x 15 10"" Eye Red",6.11,Sports & Outdoors | Outdoor Sports | Boats & Marine | Boating & Marine Accessories
International Volleyball Net,96.95,Sports & Outdoors | Sports | Volleyball | Volleyball Nets
Cuda 18? Titanium Bonded Large Dehooker,29.97,Sports & Outdoors | Outdoor Sports | Fishing | Fishing Accessories | All Fishing Accessories
Mens All-Weather Core INS Softshell Jacket,76.49,Clothing | Mens Clothing | Mens Coats & Jackets | Mens Coats & Jackets
Body Solid - Weight Sled,286,Sports & Outdoors | Exercise & Fitness | Strength Training | Weights | Weight Racks
"Artistic Weavers Trudy Vivienne 18"" x 18"" Pillow Cover",19.99,Home | Decor | Throw Pillows | Decorative Throw Pillows
Fixed-angle Knife Sharpener Professional Kitchen Knife Sharpener Kits System 4 Sharpening Stones,27.99,Sports & Outdoors | Outdoor Sports | Hunting | Knives and Tools
Iuhan Foldable Play Mat – Large Tummy Timing Folding Reversible Baby Mats For Playroom,35.99,Baby | Baby Activities & Gear | Gyms & Playmats
Kaijudo Play Mat - Squeaky,9.98,Baby | Baby Activities & Gear | Gyms & Playmats
Rinehart 43711 Lightweight Realistic Woodland Coyote Target Practice and Decoy,91.99,Sports & Outdoors | Outdoor Sports | Hunting | Archery | All Archery
Camping Fire Starter Flint,12.99,Sports & Outdoors | Outdoor Sports | Camping Gear | Camp Kitchen | Camping Fire Starters
3 Pack Biotene Fresh Mint Original Gentle Formula Fluoride Toothpaste 4.3 Ounces Each,26.24,Personal Care | Oral Care | Toothpaste
Plastic Traffic Cones - 20 Cones of each color Red Blue Green Orange Yellow,20.95,Sports & Outdoors | Sports | Basketball | Basketball Accessories
Snorkel Master Kids Green/Black Swimming Snorkeling Fins L/XL,49,Sports & Outdoors | Outdoor Sports | Water Sports | Snorkeling | Snorkel Fins
Hunting Trail Camera USB Compatible Expandable Storage,114.49,Sports & Outdoors | Outdoor Sports | Hunting | Game Cameras | All Game Cameras
Best Choice Products 54in Large Air Hockey Table for Game Room Office w/ 2 Pucks 2 Pushers LED Score Board,101.99,Sports & Outdoors | Recreation | Game Room | Air Hockey
Koplow Games Set of 2 D12 12-Sided Rock Paper Scissors Game Dice - White with Pink Letters #13060,3.56,Toys | Shop Toys by Price
"12""-20"" Schwinn Training Wheels",28.17,Toys | Kids Bikes & Riding Toys | Kids Bikes & Riding Toy Accessories | Kids Bikes & Riding Accessories
PediFix Visco-gel Achilles Protection Sleeve Large,27,Health | Foot Care | Insoles
Probulin Total Care Probiotic - 30 Capsules,29.99,Health | Probiotics | Natures Bounty Probiotics
Skeleton Hand Holding Orb: Walking Cane,33.96,Health | Home Health Care | Canes | Walking Canes
RockShox High-Pressure Shock Pump (300 psi max),41.47,Sports & Outdoors | Bikes | Bike Accessories | Bike Pumps
STX Mens Surgeon 500 Lacrosse Shoulder Pads,154.07,Sports & Outdoors | Sports | Lacrosse | Lacrosse Protective Gear
Las Vegas Raiders Gridiron III Stand Bag - No Size,159.99,Sports & Outdoors | Sports Fan Shop | Sports & Outdoor Play Fan Shop | Sports Equipment Fan Shop
Spalding Boston Celtics Official Size Logo Basketball,39.99,Sports & Outdoors | Sports Fan Shop | Sports & Outdoor Play Fan Shop | Sports Equipment Fan Shop
Nana Loves Me Gift For Grandkids Baby Bib,9.99,Baby | Feeding | Bibs and Burp Cloths
Bic Twin Select Silky Touch Shavers 10 Each (Pack of 3),11.18,Personal Care | Shaving | Womens Razor Blades
FurHaven Pet Kennel Pad | Reversible Terry and Suede Pet Tufted Pillow Dog Bed for Crates & Kennels Clay Jumbo,29.99,Pets | Dogs | Dog Houses Crates Kennels Cages Beds
Women`s Argyle Tennis Pant Navy,33.97,Sports & Outdoors | Sports | Tennis & Racquets | Tennis Shorts & Pants
McKesson Skin Protectant Ointment 118-8712 13 Oz. 1 Each Unscented,8.75,Personal Care | Bath & Body | Body Scrubs & Exfoliators
Sunlite Stem Sunlt Rd Aly 100X26.0 17D Bk,27.34,Sports & Outdoors | Bikes | Bike Components | Bike Stems
Stainless Steel Shoe Helper EEEKit Heavy Duty Metal Shoe Horn for Women Men Kids Seniors Elderly Shoes & Boots,5.47,Sports & Outdoors | Exercise & Fitness
NEW Golf Pride Tour Wrap 2G White Midsize Set of 8 Golf Grips,49.95,Sports & Outdoors | Sports | Golf Equipment | Golf Clubs | Golf Complete Sets
Official Size Pitchers Plate Anchor & Post,26.98,Sports & Outdoors | Sports | Baseball Gear & Equipment | Baseball Field Equipment & Maintenance
Smith Optics Project Adult Snow Goggles Black Blue Sensor Mirror,62.09,Sports & Outdoors | Outdoor Sports | Snowsports | Snowboard Equipment | Snowboard Goggles
Big Daddy Blank with Fins Connelly Slalom Water Ski,259.99,Sports & Outdoors | Outdoor Sports | Water Sports | Water Skiing | Water Skis
Baseball Size Plastic Balls Set of 6,11,Sports & Outdoors | Sports | Baseball Gear & Equipment | Baseballs
Mens Match Play Golf Pants ? Tapered Leg Black/True Gray Heather 40/32,59.99,Sports & Outdoors | Sports | Golf Equipment | Golf Clothing
Lavaport 4pcs Pet Dog Anti-slip Mesh Boots Shoes for Snow And Rain,11.99,Pets | Dogs | Dog Apparel | Dog Apparel Accessories
Infant Baby Car Seat Protector Saver Anti Slip Easy Clean Protector carseatcover Safety Mat Cushion Cover Gift Black,13.18,Baby | Car Seats | Car Seat Accessories
Flambeau Storm Front Classic Mallard Decoys -12 Count 8030SUV,59.15,Sports & Outdoors | Outdoor Sports | Hunting | Decoys | Waterfowl Decoys
Orpaz 1911 Thumb Lock Holster Polymer Rotation Belt/Paddle w/ Tension Adjustment,24.99,Sports & Outdoors | Outdoor Sports | Shooting | Shooting Accessories | Gun Holsters
TSV Motion Sensor LED Lamp Holder Socket Adapter 360° Detection Angle AC 100-250V for Basement Pantry Room Storage Room,8.97,Home | Decor | Lighting & Light Fixtures
Olympia Sports BA456P Wilson Practice Tennis Balls,8.33,Sports & Outdoors | Sports | Tennis & Racquets | Tennis Balls
One Cab Blower Air Gun Kit Under Seat Mount Air Blower By GPD Ship from US,40.09,Auto & Tires | Automotive Replacement Parts | Air Conditioning and Heating
"Sunlite Pedals Cruser Barefoot 1/2"" Black",12.99,Sports & Outdoors | Bikes | Bike Components | Bike Pedals
Daiwa J Braid,11.98,Sports & Outdoors | Outdoor Sports | Fishing | Terminal Tackle | Fishing Line
Bacati - Dots/Pin Stripes Hamper with Cotton Percale and Natural Color Wooden frame Gray/Yellow,46.81,Baby | Nursery & Decor | Nursery Storage and Organizers
Lean Body Chocolate 20ct,52.99,Health | Weight Management | On-the-Go Nutrition
Pitt Golf Glove - Medium / Large,19.85,Sports & Outdoors | Sports | Golf Equipment | Golf Gloves
Louis Garneau Mens Nimbus Evo Cycling Gloves Black Small,70.2,Sports & Outdoors | Bikes | Bike Apparel & Footwear | Bike Gloves
2 Pack - KIWI Express Shine Instant Shine Sponge Neutral .2 oz,11.97,Household Essentials | Shoe Care & Repair | Kiwi Shoe Care
Dye Paintball Barrel Sock OG - Lime,5.34,Sports & Outdoors | Outdoor Sports | Recreational Shooting | Paintball Guns & Accessories | Paintball Accessories
"FSA Orbit XL-II 1-1/8"" Threadless Headset Black",59.99,Sports & Outdoors | Bikes | Bike Components | All Bike Components
Luxrite LR20730 (10-Pack) 32-Watt 4 FT T8 Fluorescent Tube Light Bulb Cool White 4100K 2850 Lumens G13 Medium Bi-Pin Base,69.99,Household Essentials | Light Bulbs
6 Pack - Ensure Pro-Advance Infant Formula Ready-To-Feed 32 oz,377.73,Baby | Feeding | Baby Formula
Lifesavers Mints Wint O Green 3-72 oz. upc 022000015310,31.76,Food | Chocolate Candy & Gum | Mints | Shop All Mints
Weber 8 Oz. Grill Exterior Barbeque Cleaner W66,10.51,Household Essentials | Cleaning Supplies | Surface Care & Protection
Fordable Baby 14 Panel Playpen Activity Safety Play Yard Foldable Portable HDPE Indoor Outdoor Playards Fence,106.8,Baby | Baby Activities & Gear | Playards
GE FC12T9CW 32W Cool White Circline Tube Fluorescent Light Bu,23.76,Household Essentials | Light Bulbs | Fluorescent Bulbs | Fluorescent Bulbs
Wilson Womens Lineage TechT-Shirt Heather Green/Plum,19.99,Sports & Outdoors | Sports | Tennis & Racquets | Tennis Shirts
Bicycle Pinochle Jumbo Index Playing Cards - 1 Red and 1 Blue Deck,6.49,Toys | Shop Toys by Price
Step2 Woodland Adventure Playhouse & Slide,499.99,Toys | Outdoor Play | Kids Playhouses | Playhouses & Furniture
Bariatric Fusion Meal Replacement Single Serving Packet - French Vanilla,3.49,Health | Weight Management | On-the-Go Nutrition
Native Organics Pet Odor & Stain Remover 32 fl oz,7.62,Household Essentials | Cleaning Supplies | Carpet & Floor Cleaners | Floor Cleaners
Red Ledge Youth Thunderlight Lightweight Rain Jacket - Medium Emerald,33.02,Clothing | Mens Clothing | Mens Coats & Jackets | Mens Raincoats & Parkas
puma womens 18 pounce golf skort,51,Sports & Outdoors | Sports | Golf Equipment | Golf Clothing
Trigon Sports BDPLUG Rubber Base Plugs,19.52,Sports & Outdoors | Sports | Baseball Gear & Equipment | Baseball Field Equipment & Maintenance
3 Pack - Hot Shot Ultra Clear Roach & Ant Gel Bait 1 ea,23.4,Household Essentials | Pest Control | Insect & Pest Baits
KUFA (CT110+CAM1) Vinyl Coated Round Crab Trap with Crabbing Accessory Kit,113.49,Sports & Outdoors | Outdoor Sports | Fishing | Fishing Accessories
Clique Mens Short Sleeve Charge Active Performance Golf Polo,11,Sports & Outdoors | Sports | Golf Equipment | Golf Clothing
France Flag Short Sleeve Cycling Jersey for Women - Size XS,42.99,Sports & Outdoors | Bikes | Bike Apparel & Footwear | Bike Jerseys
Rawlings Umpire Chest Protector,62.25,Sports & Outdoors | Sports | Baseball Gear & Equipment | Baseball Protective Gear
Togo ScudoPro Short Sleeve Cycling Jersey for Women - Size XS,42.99,Clothing | Womens Clothing | Womens Activewear | Womens Activewear
"American Legend Manchester 55"" Foosball Table with Leg Levers Cup Holders and Internal Ball Return and Ball Entry",399.99,Sports & Outdoors | Recreation | Game Room
CHI Straight Guard Smoothing Styling Cream 8.5 Oz,8.5,Premium Beauty | Premium Hair Care | Premium Styling Products | Hair Styling Products
Rinse Aid Platinum Dishwasher Rinse Agent Regular Scent 30.5 oz,28.96,Household Essentials | Cleaning Supplies | Dishwashing | Dishwasher Detergent
Mgaxyff Warm Baby Stroller Pram Gloves with Waterproof Pocket for Mobile Phone  Baby Pram Gloves Baby Stroller Gloves Pocket for Mobile Phone,36.02,Baby | Strollers
2015 NHL All-Star Game Unsigned Official Game Puck - Fanatics Authentic Certified,19.99,Sports & Outdoors | Sports Fan Shop | Sports & Outdoor Play Fan Shop
Step2 Naturally Playful Welcome Home Playhouse for Toddlers,600,Toys | Outdoor Play | Kids Playhouses | Playhouses & Furniture
Three Black P-Tex Ptex Rods,5.47,Sports & Outdoors | Outdoor Sports | Winter Sports | Skis Snowboards & Accessories
Graco Pack n Play Playard Calvin,0.0,Baby | Baby Activities & Gear | Graco Playards
Hub Front Mx 36h 105g Chrome. Bike wheel part bicycle hub bike hub lowrider beach cruiser chopper mountain limo stretch,15.99,Sports & Outdoors | Bikes | Bike Components
Valor Fitness LC-1 Lifting Chain Collars,22,Sports & Outdoors | Sports | Field Equipment & Accessories
Huffy Bicycles 00316TR Bicycle Tire Youth White 16 x 1.75-In.,19.29,Sports & Outdoors | Bikes | Bike Components | All Bike Components
New Balance Mens Cypher 12 La Familia Baseball Cleats,129.95,Sports & Outdoors | Sports | Baseball Gear & Equipment | Baseball Cleats
Selle Italia Novus Boost Gravel Tech Superflow Bicycle Saddle,212.76,Sports & Outdoors | Bikes | Bike Components | Bike Seats | Bike Saddles
Betts Mullet Cast Net 10ft 1in Mesh Bucket,121.83,Sports & Outdoors | Outdoor Sports | Fishing | Fishing Accessories | Fishing Nets
70mm Mystic - Bike Bases New,7.49,Sports & Outdoors | Recreation | Game Room | Multi Game Tables
Babymoov Anti-UV Tent - Pop-Up Sun Shelter for Infants and Toddlers With Ultra Light Carry Bag for Outdoors & Beach,39.99,Baby | Toddlers Room | Toddlers Room Decor
Olbas Therapeutic Cough Syrup Bronchial Support 4 fl oz 118 ml,10.23,Health | Cold Cough and Flu | Cough and Cold
Bestway Spa Filter Pump Replacement Cartridge Type VI for SaluSpa (3 Pack),20.99,Patio & Garden | Hot Tubs & Saunas | Hot Tub Accessories | Hot Tub Filters
MAXXON OUTFITTERS Leader 6X 7.5 FT Clear Nylon Tapered Leader with Loop,7.28,Sports & Outdoors | Outdoor Sports | Fishing | Fishing Lures & Baits
Origami Gazelle 7-speed folding bike,299,Sports & Outdoors | Bikes | Adult Bikes | Folding Bikes
Washington Nationals Majestic Womens All Day Long Tank Top - Red,19.99,Sports & Outdoors | Sports Fan Shop | MLB Fan Shop | Washington Nationals Team Shop
PowerNet Wheeled Ball Caddy Cart for Baseball Softball and Tennis,99.99,Sports & Outdoors | Sports | Baseball Gear & Equipment | Baseball Accessories
Fly Reel Diameter 60mm Arbor Transparent White/Black Aluminum Fly Fishing Reel,8.54,Sports & Outdoors | Outdoor Sports | Fishing | Fly Fishing | Fly Reels
Slip N Slide Triple Racer with Slide Boogies,37.21,Toys | Outdoor Play | Water Slides | Lawn Water Slides
16x52 Dual Focus HD Optics Zoom Phone Monocular Telescope Waterproof Day Night Vision Binocular For Camping Hunting Hiking Bird Watching Sightseeing,14.56,Sports & Outdoors
Nitro Extreme Chipper 60 RH,29.99,Sports & Outdoors | Sports | Golf Equipment | Golf Clubs | Golf Clubs
Hydro Tools Digital Pool/Spa Thermometer,10.99,Toys | Outdoor Play | Floats and Pool Games | Pool Games and Toys
Personalized Pink Rock Star White Toy Box Bench,159.95,Home | Personalized Gifts | Personalized Furniture
Westinghouse Lighting Candelabra Base B11 LED Light Bulb,8.95,Household Essentials | Light Bulbs | LED Light Bulbs
2 Pack - NUK Natural Shape Orthodontic Pacifiers Latex 0-6 Months (Assorted Colors) 2 ea,9.19,Baby | Feeding | NUK Pacifiers
TowelSelections Womens Wrap Shower & Bath Terry Spa Towel,27.9,Personal Care | Bath & Body | Bath Accessories
"For Apple iPad 5 5th 9.7"" (A1822 A1823) Faux Leather Magnetic Smart Case Cover This Princess Wears Cleats Softball Soccer Lacrosse (Light-Pink)",19.99,Sports & Outdoors
Optima OP-902 Scale Indicator Scale Display Weighing Indicator,135,Health | Home Health Care | Health Monitors | Body Weight Scales
Pack of 5 Fly Fishing Tapered Leader with Loop - Fly Line Leaders 9ft 0x for Bass Trout Salmon,6.99,Sports & Outdoors | Outdoor Sports | Fishing | Fishing Lures & Baits
"All-Star 33.5"" Pro Training Series Baseball Catchers Mitt Right Hand Throw",118.75,Sports & Outdoors | Sports | Baseball Gear & Equipment | Baseball Gloves
"Rawlings 11.5"" Heart of the Hide Series Infield/Pitcher Baseball Glove Right Hand Throw",199.95,Sports & Outdoors | Sports | Baseball Gear & Equipment | Baseball Gloves
Coghlans Lightweight Dry Bag,6.82,Sports & Outdoors | Outdoor Sports | Camping Gear | Hiking Backpacks | Hiking Dry Backpacks
World Cup Brazil Soccer Ball All Over Toddler T Shirt Multi 2T,21.95,Sports & Outdoors | Sports | Soccer | Soccer Balls
Cuddeback CuddeLink J Series Long Range IR Trail Camera (12-Pack) with Reader,2249.97,Sports & Outdoors | Outdoor Sports | Hunting | Trail Cameras | Cellular Trail Cameras
Zebco Ready Tackle Combo,14.74,Sports & Outdoors | Outdoor Sports | Fishing | Fishing Rod & Reel Combos | All Rod & Reel Combos
The Amazing Quality Stearns Puddle Jumper Youth Hydroprene Life Vest - Blue,56.03,Sports & Outdoors | Outdoor Sports | Water Sports | Life Vests
Full Bucket Swing With Coated Chain Toddler Swing Set for Kids&Children OCTAP,102.26,Toys | Outdoor Play | Swing Sets | Swing Set Swings
SuperStroke OEM Odyssey 3.0 Silver / Blue Putter Golf Grip,33.59,Sports & Outdoors | Sports | Golf Equipment | Golf Clubs | Golf Clubs
Krown Skateboard Rookie Blue Flame Complete,39.95,Sports & Outdoors | Recreation | Skateboards & Skates | Skateboarding | Skateboards
Cressi Mini Cobra Swim Goggle (Clear / Lime),49.55,Sports & Outdoors | Sports | Swimming | Goggles
"Alta Bicycle Brake Cable 90""/95"" w/Liner Black.",6.99,Sports & Outdoors | Bikes | Bike Components | Bike Brakes
Anauto Handmade Bath Bomb Bath Salt6pcs/set Handmade Bath Bomb Aromatherapy Relaxation Moisturizing Essential Oil Spa Bomb Bath,14.17,Beauty | Bath & Body
Hex Nut | Golf Cart ( 20 Pack),9.99,Sports & Outdoors | Sports | Golf Equipment | Golf Bags
Hearos Ear Plugs Xtreme Protection Series 14 Count Pack of 1,8.04,Health | Ear Care | Hearos
15 L.E.D. High Powered Rechargeable LED Flashlight Wall Socket Charging Flash Light Design (with Carry Sling),9.47,Sports & Outdoors | Outdoor Sports | Camping Gear
Augusta Sportswear 2XL Sleeveless Slugger Jersey Silver/Black 1662,21.92,Clothing | Womens Clothing | Womens Tops & T-Shirts | Womens Blouses
Baitmate Live Bass Dip Jar #552 Fish Attractant for Lures and Bait,15.27,Sports & Outdoors | Outdoor Sports | Fishing | Fishing Lures | Fish Attractants
Hair Removal Hot Paraffin Wax Bean Heater Warmer Pot Machine Skin Care Depilatory Wax Heater Purple US Plug,25.28,Personal Care | Shaving | Body Hair Removal
Ccdes Pickleball RacquetOutdoor Sport Portable Carbon Fiber Pickleball Paddle Racquet Training Optimal Ball Control Carbon Fiber Pickleball Paddle,56.42,Sports & Outdoors
American Deer Proofing Inc. ADPC128 Everguard Deer & Rabbit Repellent-1gal. Concentrate,91.36,Patio & Garden | Garden Center | Insect & Pest Control
Adjustable Potty Training Ladder Step Up Safety Seat Toilet Contoured Cushion Training Step Stool for Kids and Toddlers,31.03,Baby | Baby Clearance | Baby Clearance
Inflatable Paddle Boards 10.5x30 x6 ISUP Surf Control Non-Slip Deck Standing Boat Red,300.15,Sports & Outdoors | Outdoor Sports | Paddling | Stand Up Paddle Boards
Speedo Mens Powerflex Eco Laser Sticks Jammer Purple Size 24,33.52,Sports & Outdoors | Sports | Swimming | Swimsuits | Jammers
Bobs Red Mill Creamy Wheat Hot Cereal 24 oz (pack of 4),34.5,Food | Breakfast & Cereal | Oatmeal & Grits | Hot Cereal
Promier Products P1KPP-8/16 Rechargeable / USB Charging Flashlight 1000 Lumens,19.99,Home Improvement | Home Safety | Flashlights | All Flashlights
Marksman Tri-Laminate Hunting Gloves,14.98,Sports & Outdoors | Outdoor Sports | Hunting | Hunting Clothing | Mens Hunting Clothing
Satco 03753 - 25G16 1/2/W S3753 G16 5 Decor Globe Light Bulb,5.88,Household Essentials | Light Bulbs | Globe Light Bulbs
Meecos Red Devil 16 Oz. Fire Starter Gel 416,6.58,Sports & Outdoors | Outdoor Sports | Camping Gear | Camp Kitchen | Camping Fire Starters
La-Tee-Da Effusion and Fragrance Lamp Oil Refills - 16 oz - MOONFLOWER,11.45,Home | Decor | Lighting & Light Fixtures | Lighting Accessories
madden girl womens prissley slouch boot grey fabric 7.5 m us,51.6,Sports & Outdoors | Outdoor Sports | Winter Sports | Skis Snowboards & Accessories
Cuda Snips,11.41,Shop by Brand | Sports & Outdoors | Camillus
"Ella Black-Grey 2 Tone Color 1Pc French Door 55""W X 72""L Foam Backing Insulated Thermal Blackout Rod Pocket Curtain Panel",8,Home | Decor | Curtains & Window Treatments
Mens Nike Navy Boston Red Sox Legend Digital Graphic Performance T-Shirt,35.99,Sports & Outdoors | Sports Fan Shop | MLB Fan Shop | Boston Red Sox Team Shop
Sledge Hub New Case IH 87398962 New Holland 87030468,15.25,Sports & Outdoors | Bikes | Bike Components | All Bike Components
Child SafetyPaw Patrol Pull Top Water Bottle 17 oz ZAK DESIGNS,5.99,Food | Beverages | Water | All Waters
Yoga Direct ECRU/Brown Supportive Rectangular Cotton Yoga Bolster,23.99,Health | Sports Medicine & Injury Recovery Solution | Optimize Performance | Look Good Feel Good
Happy Troller Large Trolling Plate f/IOs + All Outboards 50hp & Larger,132.52,Sports & Outdoors | Outdoor Sports | Boats & Marine | Boating & Marine Accessories 
Trail Tech Kickstand 5202-00,149.95,Sports & Outdoors | Bikes | Bike Accessories | Bike Kickstands
Wilson Blade Pro Countervail Platform Tennis Paddle,189,Sports & Outdoors | Sports | Tennis & Racquets | Tennis Racquets
Fishing Tackle Waist Bag Reel Lure Gear Storage Shoulder Bag Holder Waterproof 1000D Oxford Fabric (Only Bag),23.27,Sports & Outdoors | Outdoor Sports | Fishing
420D Full Outboard Engine Boat Cover Fit Up to 30 -60 HP Motor Black Waterproof,17.63,Sports & Outdoors | Outdoor Sports | Boats & Marine | Boats
DuraMesh Archery Target,17.94,Sports & Outdoors | Outdoor Sports | Hunting | Archery | Targets
TORCHSTAR LED Tent Lights Battery Powered LED Camping Lantern LED Camping Light Emergency Lighting Orange Pack of 2,22.99,Sports & Outdoors | Outdoor Sports | Camping Gear
Jason Citrus Body Wash 30 oz (Pack of 2),26.53,Personal Care | Bath & Body | Body Wash & Shower Gel
Martins Slender Pop Snack Sack Sea Salted Popcorn - 12 Count Bag,24.99,Food | Snacks Cookies & Chips | Popcorn | Popped Popcorn
Kamp-Rite Military Style Folding Cot Gray,44.96,Sports & Outdoors | Outdoor Sports | Camping Gear | Camping Furniture | Shop by Brand - Camp Furniture
Park Tool 1729-TA Sliding Thru Axle Adaptor,56.95,Sports & Outdoors | Bikes | Bike Accessories | Bike Storage | Bike Repair Stands
Clean Bottle 23 oz. Removable Top and Bottom Sports Bottle,15.28,Sports & Outdoors | Outdoor Sports | Camping Gear | Camping Accessories | Water Bottles & Hydration
Official Size Pitchers Plate Anchor and Post,27.31,Sports & Outdoors | Sports | Baseball Gear & Equipment | Baseball Training Equipment
Shimano Altus SL-M310 3s Front Shifter,14.99,Sports & Outdoors | Bikes | Bike Components | Bike Shifters
Her Amino Burner Intra-Workout BCAA Fat Burner + Energy Mango Passion 6.87 oz (195 g),28.5,Health | Protein & Fitness | Amino Acids
SPORTSSTUFF 53-1661 Frequent Flyer Towable,208.73,Sports & Outdoors | Outdoor Sports | Water Sports | Towables Tubes
Delta HubLox: Anti-Theft Locking Skewers,28.99,Sports & Outdoors | Bikes | Bike Components | Bike Hubs
Shimano Claris SL-R2000 Double (2x) Left Flat Bar Shifter,41.26,Sports & Outdoors | Bikes | Bike Components | Bike Shifters
Infantino Go Gaga! Music & Lights 3-in-1 Discovery Seat & Booster,103.58,Baby | Feeding | High Chairs & Booster Seats
LOreal Superior Preference - 8A Ash Blonde (Cooler) 1 Each,9.97,Beauty | Beauty Next Day
Yosoo Portable Hand Foot Pedal Trainer Exerciser Mini Exercise Bike Bicycle for Gym Indoor Portable Exercise BikePedal Trainer,45.49,Sports & Outdoors
2 Pack - Alaffia Coconut Body Lotion Purely Coconut 8 oz,16.71,Personal Care | Bath & Body | Body Lotions & Creams
Fruit,5.38,Food | Meal Solutions Grains & Pasta | Emergency Food
mlb rawlings cincinnati reds red full size replica helmet,0.0,Sports & Outdoors | Sports Fan Shop | Sports & Outdoor Play Fan Shop | Protective Gear Fan Shop
2 Pack Breathe Right Nasal Strips Original Tan Small/Medium 30 Each = 60 Strips,26.75,Health | Sleep & Snoring Aids | Snoring
M-Wave City XXL Comfort Saddle,29.14,Sports & Outdoors | Bikes | Bike Components | Bike Seats | Bike Saddles
Multi Tool LED Flashlight All In One Tool Light For Emergency Camping and Cars By Stalwart (Blue) (With Glass Breaker and Seatbelt Cutter),8.94,Sports & Outdoors
Natural Sea Wild Tongol Tuna - Unsalted - 5 Oz.,19.99,Food | Meal Solutions Grains & Pasta | Canned Goods | Canned Tuna
WALFRONT 1Pair Road Bicycle Pedal Cleat Protective CoverRoad Bicycle Cleats CoverCleats Protective Cover,8.49,Sports & Outdoors | Bikes | Bike Components | Bike Pedals
Camillus Camp Survival Pak,19.87,Sports & Outdoors | Outdoor Sports | Shooting | Specialty Gear
Yoga Direct Supportive Rectangular Cotton Yoga Bolster,20.2,Sports & Outdoors | Exercise & Fitness | Yoga | Yoga Bolsters
Nike Boys Court Ace Tennis Shorts White/Volt X-Large,45.46,Sports & Outdoors | Sports | Tennis & Racquets | Tennis Shorts & Pants
Fenix Sweet Heart Bike Sprocket/Chainring 36T 1/2 X 1/8 Various Colors (Chrome),11.99,Sports & Outdoors | Bikes | Bike Components | Bike Cranksets
"1-1/8"" 5-10-15-20mm Carbon Fiber Washer Bike Bicycle Components Bicycle MTB Headset Stem Spacer DB060",5.57,Sports & Outdoors | Bikes | Bike Components
New Lever Connection- Shift Lever Kawasaki Zx600 Zx-6R 636 Zx600 Zx-6R H543660,30.78,Sports & Outdoors | Bikes | Bike Components | Bike Shifters
Popchips Potato Chip Sea Salt Vinegar 5 Oz Pack Of 12,38.04,Food | Snacks Cookies & Chips | Chips & Crisps | Chips & Crisps
Crest Plus Complete Whitening Fluoride Toothpaste Cinnamon Rush 6.0 oz,2.58,Personal Care | Oral Care | Toothpaste
Chick-O-Stick Candy 5LB,26.99,Food | Chocolate Candy & Gum | Hard Candy & Lollipops | Hard Candy
JT SPROCKET 14 TOOTH,17.77,Sports & Outdoors | Bikes | Bike Components | Bike Cranksets
Food To Live Â Organic Sunflower Seeds (Raw No Shell) (12 Pounds),42.99,Food | Snacks Cookies & Chips | Nuts Trail Mix & Seeds | Sunflower Seeds
Origin8 Front Hub Mountain 6 Bolt Disc 36H Silver,27.99,Sports & Outdoors | Bikes | Bike Components | All Bike Components
CCM HSZREVGRSRH085 Left Hand RBZ Revolution Senior Grip Hockey Stick - Crosby 29 85 Flex,306.57,Sports & Outdoors | Sports | Ice & Roller Hockey | Hockey Sticks
7*7 Baseball Softball Practice Hitting Batting Train Net with Nine Target Frame With Carry Bag Black,49.49,Sports & Outdoors | Sports | Baseball Gear & Equipment
10pcs of Renata 371 SR920SW Swiss Watch Battery 1.55v,7.48,Household Essentials | Batteries | Coin & Button Cell Batteries
Anti Snoring Solution Nasal Dilator for Breathing (Blue),13.99,Health | Sleep & Snoring Aids | Sleep & Snoring Aids
Boylan Cane Sugar Soda Variety 6-Pack 12 oz,21.99,Food | Beverages | Soda Pop | All Soda Pop
Equate Extra Strength Clear Nasal Strips 26 count,6.97,Health | Sleep & Snoring Aids | Equate Sleep and Snoring
Reebok Mens Club C Revenge Blue Tennis Shoes Size 11.5,46.99,Health | Sports Medicine & Injury Recovery Solution | Optimize Performance
Jolly Jumper Infant Car Seat Weather Shield,19.44,Baby | Car Seats | Car Seat Accessories | Car Seat Accessories
Banzai Water Park Splash Zone,279.99,Toys | Outdoor Play | Water Slides | Inflatable Water Parks
Warrior EVO Warp Next Complete Lacrosse Stick,99.99,Sports & Outdoors | Sports | Lacrosse | Lacrosse Sticks
New Hunting Optics Rifle Scope Gun Scope 6-24x50 AOE Red and Green Illuminated Scope with Free Mount,45.99,Sports & Outdoors | Outdoor Sports
Viper Diamond Tips 2BA Black 1000Ct Soft Dart Tips,17.22,Sports & Outdoors | Recreation | Game Room | Darts & Equipment | Dart Points
Rugby Zinc Oxide Ointment 16 oz. (Pack of 3),31.79,Baby | Diapering | Baby Care
Vienna Chicago-Style Condiment Kit (1 Jar Yellow Mustard 1 Jar Green Relish 1 Jar Sport Peppers 1 Jar Celery Salt),23.95,Food | Condiments Sauces & Spices | Pickles
Lightweight Aluminum-Alloy Large Adult Snowshoes and Poles,62,Sports & Outdoors | Outdoor Sports | Winter Sports | Skis Snowboards & Accessories
Vintage Boat Twin Size Duvet Cover Set 2 Piece Bedding Set with 1 Pillow Sham Baby Blue Cream by Ambesonne,69.99,Baby | Baby Clearance | Baby Clearance
Insider Bat #6 - Size 12 and Under Swing Trainer Baseball Hitting Training IB635,54.95,Sports & Outdoors | Sports | Baseball Gear & Equipment | Baseball Training Equipment
Remora Sports Glove Saver Pocket Ball,19.99,Sports & Outdoors | Sports | Baseball Gear & Equipment | Baseball Glove Accessories
marucci sports equipment sports mplg-bk leg guard,38.95,Sports & Outdoors | Sports | Baseball Gear & Equipment | Baseball Protective Gear
Wheel Masters MT - 5000 MTB Hubs - KT - A12R,20.19,Sports & Outdoors | Bikes | Bike Components | All Bike Components
Tidy Tots Pink Dots Snap Cover,19.95,Baby | Diapering | Diapers | Cloth Diapers
